4FyNJ9LFrf1o2Lh4|07_Analytics & Reporting|t|1|401a2979-a692-496a-9444-1dc1ce276d36|2026-09-17 21:25:31.867+00
CSWF000000000009|07_Analytics & Reporting|f|1|2caeef67-af84-45d2-a1c8-789d0accd7c5|2026-09-27 11:28:58.268+00
eLlfjgNzIdgszmA7|07_Analytics & Reporting|f|1|cd83dbdf-1b9e-466c-a032-fa5216f18d60|2026-09-19 18:54:49.144+00
Rx43274dSb4QWGIR|07_Analytics & Reporting|t|1|c0884bbc-8271-4cee-a6fc-baa88300c990|2026-09-19 14:35:05.881+00
ThdlDayz2EqRakH1|07_Analytics & Reporting|f|1|63a21bf9-71d2-4bb3-af2e-74ee5d45ee5a|2026-09-19 22:38:26.655+00
1wWqCpyw9TeIBnQy|08_CSAT Survey|t|1|244cb241-db04-4cfc-b9ed-cf1a32e7988c|2026-09-17 21:25:36.126+00
CSWF000000000010|08_CSAT Survey|f|1|8261f1cf-719d-463f-81e4-b2adbeb6a5ed|2026-09-27 11:29:02.351+00
iCaqLqFkUvx3L2SR|08_CSAT Survey|t|1|a198c74a-609a-43c0-82cd-1dbdceb3ad82|2026-09-19 14:35:10.333+00
jyb6y54uLD3ZoNHF|08_CSAT Survey|f|1|b4255373-70f8-4b74-857d-0d95d109a8a5|2026-09-19 22:38:31.138+00
PbMoLuREJiWdnwLV|08_CSAT Survey|f|1|d0593989-7dfe-41dc-8963-cc9fe1794512|2026-09-19 18:54:53.478+00
14jJuUgxEa2fIuNp|09_Automation Rules Engine|t|1|f8174510-872e-466e-9f52-27fe6f68e49b|2026-09-17 21:25:44.837+00
CSWF000000000011|09_Automation Rules Engine|f|1|985e87c1-90ef-4c35-b577-d02f6ce39789|2026-09-27 11:29:10.335+00
QRTbGGFA1YlHsvwB|09_Automation Rules Engine|f|1|ab24a61c-814b-42e6-84df-c2c04fb59efa|2026-09-19 22:38:40.113+00
sbUjCo0mWYbzZj04|09_Automation Rules Engine|f|1|9716474a-a3d1-49f5-9e4b-a24adff5b584|2026-09-19 18:55:02.129+00
vu5EwxbfwT8RYA7U|09_Automation Rules Engine|f|1|195a401a-6223-4d98-bfb0-5f27ec2e051b|2026-09-19 14:35:19.049+00
CSWF000000000012|10_Agent Management API|f|1|5b51789b-62ed-4f13-9562-6c9ac9b41194|2026-09-27 11:29:14.867+00
D0s40RvewoOGmsY6|10_Agent Management API|f|1|95102e99-0644-44f7-8a26-e033004b01e4|2026-09-19 22:38:44.478+00
m8wU3lJT0uwRcAdK|10_Agent Management API|t|1|3a146cf9-c431-4afc-8988-96389327617a|2026-09-17 21:25:49.03+00
OPyTkPbd6Lu3dUx1|10_Agent Management API|f|1|4a872de3-285a-4911-aa41-655ed839e2b7|2026-09-19 18:55:06.335+00
P9AjBww76puQ9oyx|10_Agent Management API|f|1|0559067d-37a2-4668-8862-c342056baa1d|2026-09-19 14:35:23.24+00
4OLU4XCnHF7j3RVr|11_KB Admin|f|1|4d0abf6a-995a-4d83-9468-731f6a2f67df|2026-09-19 14:35:27.438+00
Az2jO1JxMtB5nAQe|11_KB Admin|f|1|2af59314-db14-40d2-aeb3-a2f3e9cddb04|2026-09-19 18:55:10.542+00
CSWF000000000013|11_KB Admin|f|1|854b9262-ca0f-4922-ad8b-12afaff176ca|2026-09-27 11:29:19.288+00
iy94N3FsKaAdVvT2|11_KB Admin|t|1|7b6397a2-d198-4d9f-9370-d2a90b95f95e|2026-09-17 21:25:53.275+00
t17jGLVIbCXdXtXZ|11_KB Admin|f|1|9df3c36f-5c4d-4729-8104-3d6e55069c6c|2026-09-19 22:38:48.985+00
CSWF000000000008|Global Error Handler & Dead Letter Queue|t|10|39c255bf-3c71-44a6-9c20-a51775091b7a|2026-09-27 11:31:45.799+00
CSWF000000000001|Master 01 - Customer Service Gateway & Dispatcher|t|13|acc3cd28-4ec2-4883-8402-03b9e207e046|2026-09-27 19:51:24.574+00
MASTER_001|Master - Nexus Customer Service System|f|8|55046708-b687-4662-a944-0fdaabb7fe7c|2026-09-27 11:31:49.715+00
MASTER_PROFESSIONAL_001|NexaServe - Professional Enterprise Master Workflow|f|26|9348f152-c6eb-4cdd-a105-896a4f0b15fd|2026-09-27 11:31:53.735+00
CSWF000000000002|SubWF 02 - Customer Profile & Session Manager|t|13|f29dede8-bba0-43e9-8505-edf09906891d|2026-09-27 11:31:14.763+00
CSWF000000000003|SubWF 03 - AI Cognitive & Intent Engine|t|38|3146bb33-d4a1-492f-ad90-d86f0f72f8ec|2026-09-27 19:51:24.574+00
CSWF000000000004|SubWF 04A - Order Lookup & Tracking|t|9|994e0d86-ccaf-4167-a9ed-1a81dfdd83ef|2026-09-27 11:31:21.914+00
CSWF000000000005|SubWF 04B - Knowledge Base & FAQ|t|29|8c48f44c-4534-47a1-8a66-587b549dc7ba|2026-09-27 19:51:24.574+00
CSWF000000000006|SubWF 04C - Human in the Loop Escalation|t|11|34d43d3f-4b95-4ae8-991e-cf49116e09af|2026-09-27 11:31:29.529+00
RWLCadRzOPjTHXVo|SubWF 04D - Human in the Loop Agent Bridge|t|8|22d1caf4-924d-4c73-a2f4-ee2e7c4cafeb|2026-09-27 11:31:33.659+00
CSWF000000000007|SubWF 05 - Conversation & Audit Logger|t|10|7790efd5-832f-416e-bc0b-b72fed18d2c6|2026-09-27 19:51:24.574+00
F7kjakLJXmzBDsvS|SubWF 06 - Output Channel Dispatcher|t|14|a6541c3f-533b-4af0-94ec-11f06a2c01ac|2026-09-27 11:31:41.809+00
HUofHnSGxWdO1gWJ|TikTok to YouTube Automation Pipeline|f|3|41e82b33-c323-45a4-b698-52a3796663a2|2026-09-14 17:12:20.755+00
